"TRT01A","AVISITN","emmean","SE","df","lower.CL","upper.CL"
"Dummy A","20028",-3.81464520065384,2.04251564555075,431.959729493376,-7.82915051730844,0.199860116000768
"Dummy B","20028",-1.84377677426451,2.38301084152044,654.785479733487,-6.52304149591625,2.83548794738723
"Dummy C","20028",-1.88246446963357,2.43739910657314,659.721425943651,-6.66845932850439,2.90353038923725
