"contrast","AVISITN","estimate","SE","df","t.ratio","p.value"
"Dummy A - Dummy B","20028",-1.97086842638933,1.44874097711805,701.277770347758,-1.36040082907708,0.362412857260715
"Dummy A - Dummy C","20028",-1.93218073102027,1.43528116496634,486.909735781493,-1.34620364161581,0.370321076470169
"Dummy B - Dummy C","20028",0.0386876953690576,1.90324691545862,517.676294807136,0.0203272077074325,0.999772219697173
